block_number,block_time,log_index,amount0,amount1,sqrt_price_x96,sqrt_price_x96_str,tick
25661337,2026-08-01 16:51:35+00:00,51,-83190910.0,4.455e+16,1.8329767650376293e+33,1832976765037629193231579509026198,200992
25662656,2026-08-01 21:17:11+00:00,427,9992480.0,-5436243529766010.0,1.8484214579374562e+33,1848421457937456252022574942510567,201160
25662656,2026-08-01 21:17:11+00:00,867,42268.0,-22994736122862.0,1.8484214576648268e+33,1848421457664826916757909954811391,201160
25668899,2026-08-02 18:09:35+00:00,89,182866251.0,-9.78391380451027e+16,1.8330638069629678e+33,1833063806962967757836147331164492,200993
25676378,2026-08-03 19:11:23+00:00,17,8079788546.0,-4.322352221038564e+18,1.8329156960745824e+33,1832915696074582363817894545519412,200991
25677990,2026-08-04 00:34:11+00:00,20,1701785578.0,-9.178595672765492e+17,1.8404440948622956e+33,1840444094862295700003144870387847,201073
25677990,2026-08-04 00:34:11+00:00,46,260710991.99999997,-1.4061552040640077e+17,1.8404539307265197e+33,1840453930726519794380904802248279,201073
25677990,2026-08-04 00:34:11+00:00,59,89787638.0,-4.8427265453763896e+16,1.8404533696122416e+33,1840453369612241436925975402090355,201073
25677990,2026-08-04 00:34:11+00:00,72,88692524.0,-4.783658273094689e+16,1.840452815342052e+33,1840452815342051975387058942257515,201073
25677990,2026-08-04 00:34:11+00:00,85,87942567.0,-4.74320627004778e+16,1.840452265758932e+33,1840452265758932139832130528434499,201073
25677990,2026-08-04 00:34:11+00:00,98,87202082.0,-4.703265199674531e+16,1.8404517208036815e+33,1840451720803681474529409195920777,201073
25677990,2026-08-04 00:34:11+00:00,124,945958574.0,-5.101997636519984e+17,1.84043953873578e+33,1840439538735780223331429386589224,201073
25677990,2026-08-04 00:34:11+00:00,151,363430216.0,-1.960128345807442e+17,1.840431490255923e+33,1840431490255922972468830863207328,201073
25677990,2026-08-04 00:34:11+00:00,164,379780739.0,-2.0483082609180538e+17,1.8404291169337852e+33,1840429116933785310207241260468623,201073
25685545,2026-08-05 01:49:23+00:00,32,100560098.0,-5.372583438961036e+16,1.831752772659963e+33,1831752772659962899426628825842869,200979
25687869,2026-08-05 09:36:11+00:00,71,-27161706850.0,1.4520163915668195e+19,1.8314572753723581e+33,1831457275372358154036097138426245,200975
25690255,2026-08-05 17:35:47+00:00,96,135636762.0,-7.16508572426459e+16,1.8214199797887338e+33,1821419979788733753234478649648798,200865
25690255,2026-08-05 17:35:47+00:00,412,2463611073.0,-1.301407003920008e+18,1.821408106713442e+33,1821408106713442126676596398320532,200865
25691379,2026-08-05 21:20:35+00:00,672,93000061.0,-4.864574130453119e+16,1.8124621775718984e+33,1812462177571898262330995613047697,200767
25693194,2026-08-06 03:24:47+00:00,2,-192774351199.0,1.0176924720756752e+20,1.8201959761125863e+33,1820195976112586276746285510831405,200852
25695255,2026-08-06 10:17:35+00:00,27,402278.0,-211455415409637.0,1.816916271255408e+33,1816916271255408014447350558479211,200816
25695255,2026-08-06 10:17:35+00:00,175,16443968.000000002,-8642491977703348.0,1.816788450490476e+33,1816788450490476147740235501251578,200815
25695255,2026-08-06 10:17:35+00:00,672,500000000.0,-2.627858803351644e+17,1.8167870722470704e+33,1816787072247070528012265261426510,200815
25702931,2026-08-07 11:56:47+00:00,68,147691734.0,-7.712681264493933e+16,1.8109762070674158e+33,1810976207067415820092338611130253,200750
25711883,2026-08-08 17:57:47+00:00,34,-95216558.0,4.952213715232175e+16,1.8064022381190287e+33,1806402238119028636341273539805573,200700
25711883,2026-08-08 17:57:47+00:00,218,-188444216.0,9.801e+16,1.8064037724025724e+33,1806403772402572370200110755714279,200700
25711883,2026-08-08 17:57:47+00:00,280,-646311166.0,3.3614741454211674e+17,1.806405514726975e+33,1806405514726974926375067594647714,200700
25726285,2026-08-10 18:07:11+00:00,575,845550000.0,-4.514328585258143e+17,1.8311100437645984e+33,1831110043764598298058470869648238,200972
25730673,2026-08-11 08:50:11+00:00,305,-2211164822.0,1.1789973188146573e+18,1.8290205206077394e+33,1829020520607739276853106871286096,200949
25733302,2026-08-11 17:39:35+00:00,38,103353709.0,-5.5459374585849864e+16,1.8357458194746096e+33,1835745819474609603473450833586521,201022
25733302,2026-08-11 17:39:35+00:00,66,94720078.0,-5.08265092129078e+16,1.835744452905021e+33,1835744452905020901344497986820822,201022
25750017,2026-08-14 01:34:11+00:00,270,271452870.0,-1.439101194029731e+17,1.8246790319182765e+33,1824679031918276400755858652211797,200901
25752394,2026-08-14 09:31:47+00:00,29,174799995.0,-9.327068315991883e+16,1.830585232867637e+33,1830585232867636884515002296762893,200966
25754200,2026-08-14 15:33:59+00:00,187,107746.0,-57428637448495.0,1.829583009755955e+33,1829583009755955197919685798938173,200955
25754200,2026-08-14 15:33:59+00:00,290,2879209.0,-1534620500589349.0,1.82958299416399e+33,1829582994163990083027692327189579,200955
25754200,2026-08-14 15:33:59+00:00,294,4967898.0,-2647893545669841.0,1.829582970255894e+33,1829582970255893783841653296603230,200955
25774817,2026-08-17 12:31:11+00:00,2,79922937417.0,-4.208902385554586e+19,1.8185052695112837e+33,1818505269511283656703334756727226,200833
25778553,2026-08-18 01:00:35+00:00,353,40507527.0,-2.1215767290310196e+16,1.8136341350434188e+33,1813634135043418890513548399700040,200780
25789938,2026-08-19 15:05:35+00:00,28,-180294236139.0,9.047475355226892e+19,1.7746107692923508e+33,1774610769292350830839979075647675,200345
25789938,2026-08-19 15:05:35+00:00,344,-5931139936.0,2.977188517862689e+18,1.7746267268187565e+33,1774626726818756395394873362193505,200345
25789938,2026-08-19 15:05:35+00:00,383,-6008422124.0,3.0160355948828923e+18,1.7746428925628324e+33,1774642892562832292067193376848312,200345
25789938,2026-08-19 15:05:35+00:00,399,-1699763396.0,8.532367917060312e+17,1.7746474658535567e+33,1774647465853556798395493117475460,200345
25789938,2026-08-19 15:05:35+00:00,414,-5191711628.0,2.606130751383457e+18,1.7746614345357655e+33,1774661434535765545703073398465671,200345
25789938,2026-08-19 15:05:35+00:00,424,-1474752321.0,7.403023311582022e+17,1.7746654025055217e+33,1774665402505521803796640868283107,200345
25789938,2026-08-19 15:05:35+00:00,441,-1709262067.0,8.58026655135955e+17,1.774670001469586e+33,1774670001469586007447016373263864,200345
25789938,2026-08-19 15:05:35+00:00,459,-1052634823.0000001,5.2841078979947885e+17,1.7746728337152032e+33,1774672833715203179111978474810411,200345
25789938,2026-08-19 15:05:35+00:00,474,-1237263911.0,6.210946624789376e+17,1.7746761627400256e+33,1774676162740025556840975802706595,200345
25789938,2026-08-19 15:05:35+00:00,495,-880250512.0,4.4187876576836026e+17,1.7746785311799248e+33,1774678531179924642901216574005766,200345
25789938,2026-08-19 15:05:35+00:00,502,-903815910.0,4.537096353947386e+17,1.774680963032474e+33,1774680963032474063666175226027360,200346
25789938,2026-08-19 15:05:35+00:00,512,-3066146695.0,1.539194715216089e+18,1.7746892130106546e+33,1774689213010654484343167834430555,200346
25789938,2026-08-19 15:05:35+00:00,540,-742698806.0,3.728343073564067e+17,1.7746912113769885e+33,1774691211376988642907749025937518,200346
25789938,2026-08-19 15:05:35+00:00,560,-552126176.0,2.771675178092957e+17,1.7746926969758875e+33,1774692696975887627580595490391147,200346
25789938,2026-08-19 15:05:35+00:00,576,-329896897.0,1.65608569886273e+17,1.7746935846264718e+33,1774693584626471758265693191422134,200346
25789938,2026-08-19 15:05:35+00:00,610,-2047023007.0,1.0276112843954849e+18,1.774699092552526e+33,1774699092552525822591694663752799,200346
25789938,2026-08-19 15:05:35+00:00,618,-1755494569.0,8.812682723064385e+17,1.7747038160900651e+33,1774703816090065128942868734611357,200346
25789938,2026-08-19 15:05:35+00:00,634,-777450355.0,3.902860050790425e+17,1.774705907996303e+33,1774705907996302978529036132157286,200346
25789938,2026-08-19 15:05:35+00:00,828,-1996174351.0,1.0020989559951561e+18,1.7747112791780254e+33,1774711279178025377910378121700262,200346
25789938,2026-08-19 15:05:35+00:00,955,-4111919673.9999995,2.0642428206120497e+18,1.774722343378065e+33,1774722343378065038641993541817151,200346
25789938,2026-08-19 15:05:35+00:00,964,-420458732.0,2.110777816272483e+17,1.774723474740508e+33,1774723474740507737728012835595307,200346
25789938,2026-08-19 15:05:35+00:00,974,-381526265.0,1.9153322224590102e+17,1.7747245013454516e+33,1774724501345451695393190642258024,200346
25789938,2026-08-19 15:05:35+00:00,989,-1461568958.0,7.337366244244785e+17,1.7747284341234698e+33,1774728434123469860325822621618220,200346
25789938,2026-08-19 15:05:35+00:00,1012,-342027278.0,1.7170495116163635e+17,1.7747293544502398e+33,1774729354450239793930635593800558,200346
25789938,2026-08-19 15:05:35+00:00,1164,-20810228134.0,1.0447525603799255e+19,1.7747865792034793e+33,1774786579203479404383281305298721,200347
25789938,2026-08-19 15:05:35+00:00,1206,-3367842036.0,1.6908467107087273e+18,1.7747956420259618e+33,1774795642025961759837218251286087,200347
25789938,2026-08-19 15:05:35+00:00,1552,-4705640234.0,2.3625472e+18,1.7748163420884653e+33,1774816342088465208971529699963164,200347
25789938,2026-08-19 15:05:35+00:00,1555,101120795861.0,-5.071125964327815e+19,1.774544397239995e+33,1774544397239995062152875368657011,200344
25789938,2026-08-19 15:05:35+00:00,1558,260879815306.0,-1.3075737651042615e+20,1.7738431322241958e+33,1773843132224195815456717743849472,200336
25789938,2026-08-19 15:05:35+00:00,1577,-22352666541.0,1.1210694285604411e+19,1.7739032333520216e+33,1773903233352021467344678333997093,200337
25790245,2026-08-19 16:07:11+00:00,90,-69182177426.0,3.3002784074376536e+19,1.7301256510801766e+33,1730125651080176619965803831230464,199837
25790245,2026-08-19 16:07:11+00:00,101,-52393605748.0,2.5e+19,1.730308015729387e+33,1730308015729387055999149699638406,199839
25790245,2026-08-19 16:07:11+00:00,597,-31998599050.0,1.5270814293342745e+19,1.7304130348900987e+33,1730413034890098781292465458083579,199840
25791668,2026-08-19 20:53:23+00:00,133,9627281435.0,-4.3775046002402586e+18,1.6898242206702084e+33,1689824220670208410616595220227115,199366
25791668,2026-08-19 20:53:23+00:00,851,3540489329.0,-1.6097706532007613e+18,1.68980096734004e+33,1689800967340040268688492545992136,199365
25791668,2026-08-19 20:53:23+00:00,938,-722735575883.0,3.28250328712797e+20,1.690514488202377e+33,1690514488202377089017340286154978,199374
25791668,2026-08-19 20:53:23+00:00,959,-39736704403.0,1.81031777441365e+19,1.6907758601044242e+33,1690775860104424335467693260800954,199377
25791668,2026-08-19 20:53:23+00:00,1041,-59830168506.0,2.7267238262333473e+19,1.691073801024409e+33,1691073801024408905327537913798445,199380
25791668,2026-08-19 20:53:23+00:00,1078,77136566421.0,-3.5117205960985965e+19,1.6906622694056674e+33,1690662269405667526055775720280312,199375
25791935,2026-08-19 21:46:47+00:00,238,38925459046.0,-1.6933524205647043e+19,1.6525281108184187e+33,1652528110818418752643249417060345,198919
25791935,2026-08-19 21:46:47+00:00,501,-2454664286.0,1.0684642016394831e+18,1.6525742537182108e+33,1652574253718210796541041073654463,198920
25791935,2026-08-19 21:46:47+00:00,583,-8660345758.0,3.7701447332461245e+18,1.6527370960736106e+33,1652737096073610660573229318276697,198922
25793567,2026-08-20 03:13:35+00:00,11,22491528242.0,-1.0090830897188577e+19,1.678468753733901e+33,1678468753733900903713122648268080,199231
25796137,2026-08-20 11:49:47+00:00,13,38543994205.0,-1.6640703655200238e+19,1.6464462805417184e+33,1646446280541718436022235477815241,198845
25800102,2026-08-21 01:04:35+00:00,644,28489759.0,-1.2153083777823516e+16,1.6367675578425203e+33,1636767557842520341692444361204112,198727
25800102,2026-08-21 01:04:35+00:00,658,238409868.0,-1.0170007790825829e+17,1.6367653371541456e+33,1636765337154145578413134925966275,198727
25800102,2026-08-21 01:04:35+00:00,998,490911.0,-209410642684705.0,1.636765332581526e+33,1636765332581525878149650112373933,198727
25800899,2026-08-21 03:44:59+00:00,233,-9599129124.0,4.086874444719475e+18,1.6344161458572936e+33,1634416145857293463133292621605441,198699
25801948,2026-08-21 07:15:11+00:00,469,-229375749.0,9.626769047854742e+16,1.6226983517386105e+33,1622698351738610414600548215446363,198555
25801948,2026-08-21 07:15:11+00:00,692,-59638218.0,2.502943917037838e+16,1.622685240143904e+33,1622685240143903927830572410504401,198555
25804335,2026-08-21 15:13:59+00:00,26,26272035409.0,-1.0949001450211398e+19,1.617698964083877e+33,1617698964083877040556926435036513,198493
25805057,2026-08-21 17:38:35+00:00,27,-239363081.0,9.9e+16,1.610869235735086e+33,1610869235735085962058524920782857,198408
25805057,2026-08-21 17:38:35+00:00,79,-20312049.0,8401140000000000.0,1.6108802082909867e+33,1610880208290986754438657622915276,198409
25805057,2026-08-21 17:38:35+00:00,94,-121325783.0,5.018083964923859e+16,1.6108813020748988e+33,1610881302074898725653396602573130,198409
25805057,2026-08-21 17:38:35+00:00,656,-483310150.0,1.999e+17,1.6108867491061066e+33,1610886749106106497681475764775447,198409
25805437,2026-08-21 18:54:35+00:00,29,-89281242.0,3.7125e+16,1.615192186076454e+33,1615192186076453810949455691610160,198462
25805437,2026-08-21 18:54:35+00:00,44,-89281156.0,3.7125e+16,1.615192963996453e+33,1615192963996453212308231741835069,198462
25805980,2026-08-21 20:43:47+00:00,288,-172051825.0,7.063611779877511e+16,1.6049258197680221e+33,1604925819768022018231107706366103,198335
25805980,2026-08-21 20:43:47+00:00,349,63654.0,-26107080078822.0,1.6049262325013972e+33,1604926232501397243211058759886249,198335
25805980,2026-08-21 20:43:47+00:00,379,188187.0,-77182937616316.0,1.604926223899133e+33,1604926223899133059684322472124204,198335
25805980,2026-08-21 20:43:47+00:00,412,-589562.0,242046172827168.0,1.6049262292855662e+33,1604926229285566161373084015756470,198335
25805980,2026-08-21 20:43:47+00:00,439,-1869322.0,767454250223008.0,1.604926246364295e+33,1604926246364295104485500889344579,198335
25806404,2026-08-21 22:08:47+00:00,284,51329572819.0,-2.024655341802135e+19,1.573671800673253e+33,1573671800673252823500133592582846,197941
25806996,2026-08-22 00:07:35+00:00,2,168985171518.0,-6.7703609567994405e+19,1.585474925416068e+33,1585474925416068102567340623955367,198091
25806996,2026-08-22 00:07:35+00:00,457,500000000.0,-2.00129515536569e+17,1.5854703723263734e+33,1585470372326373488080555030911634,198091
25806996,2026-08-22 00:07:35+00:00,546,125270117.0,-5.014020168847525e+16,1.5854674367960762e+33,1585467436796076079202870286072224,198091
25806996,2026-08-22 00:07:35+00:00,560,100245509.0,-4.012388329427163e+16,1.585466523949018e+33,1585466523949017786691168384023292,198091
25809537,2026-08-22 08:37:59+00:00,8,12985668282.0,-5.369779860317933e+18,1.611455212076812e+33,1611455212076812003209088350316616,198416
25809537,2026-08-22 08:37:59+00:00,234,23000000.0,-9510160893805808.0,1.611454955526631e+33,1611454955526631050114123752010526,198416
25811790,2026-08-22 16:10:11+00:00,28,-5992092706.0,2.483225932065773e+18,1.6124880404279168e+33,1612488040427916756277567781957998,198429
25812967,2026-08-22 20:06:11+00:00,98,33600000.0,-1.3779813374804778e+16,1.6048711559121496e+33,1604871155912149470721004554867683,198334
25812967,2026-08-22 20:06:11+00:00,505,-184941189.0,7.591780869846472e+16,1.6048196158676468e+33,1604819615867646895163501739798630,198333
25814397,2026-08-23 00:54:11+00:00,533,375000000.0,-1.53995715290043e+17,1.605929227511461e+33,1605929227511461237212097408963215,198347
25814397,2026-08-23 00:54:11+00:00,541,271219.0,-111377103543654.0,1.6059292250129277e+33,1605929225012927656716684624419382,198347
25814397,2026-08-23 00:54:11+00:00,971,-1635093.0,672130034277116.0,1.6059292377414e+33,1605929237741399849718834380064295,198347
25816027,2026-08-23 06:21:23+00:00,281,-11437167126.0,4.791010383885174e+18,1.6212050396693346e+33,1621205039669334649771809490876523,198536
25816027,2026-08-23 06:21:23+00:00,1119,14213.0,-5947821970281.0,1.6212050395521266e+33,1621205039552126599680668744981976,198536
25816027,2026-08-23 06:21:23+00:00,1124,-900970.0,377436813073893.0,1.6212050469861947e+33,1621205046986194700153436544716452,198536
25817318,2026-08-23 10:40:11+00:00,165,-10494787011.0,4.3460504271042703e+18,1.6119187676097568e+33,1611918767609756941422905309253539,198422
25817318,2026-08-23 10:40:11+00:00,197,-875524920.0,3.6258913439272666e+17,1.6119259531960356e+33,1611925953196035529468045901789271,198422
25819374,2026-08-23 17:32:35+00:00,2,49663687635.0,-2.037395136931519e+19,1.6048882447284486e+33,1604888244728448594270017906802688,198334
25824904,2026-08-24 12:01:59+00:00,174,-757643296.0,3.0469607732004e+17,1.5884476811068537e+33,1588447681106853734686063912494294,198128
25825646,2026-08-24 14:30:23+00:00,53,-248885244.0,9.9e+16,1.5797533943661725e+33,1579753394366172584040837461151093,198018
25828127,2026-08-24 22:48:23+00:00,568,-30818514.0,1.2440121771309086e+16,1.5913931329757078e+33,1591393132975707917725242041358340,198165
25829174,2026-08-25 02:18:59+00:00,1128,-75064365.0,2.9842373110074104e+16,1.5793225534809126e+33,1579322553480912492201653646768099,198013
25829174,2026-08-25 02:18:59+00:00,1142,572806.0,-227495290209384.0,1.579322548823584e+33,1579322548823584060365336914927018,198013
25834304,2026-08-25 19:28:35+00:00,645,495000000.0,-2.0083332650177526e+17,1.5962575774515732e+33,1596257577451573351963697734077939,198226
25835490,2026-08-25 23:26:23+00:00,48,46190112764.0,-1.8841216359543345e+19,1.6003744057940675e+33,1600374405794067435529851138091815,198278
25835490,2026-08-25 23:26:23+00:00,51,56817598.0,-2.317125619781524e+16,1.6003739837748203e+33,1600373983774820186088224643293725,198278
25835490,2026-08-25 23:26:23+00:00,68,58497173.0,-2.3856204766166092e+16,1.6003735492805704e+33,1600373549280570426974129737067409,198278
25835490,2026-08-25 23:26:23+00:00,81,434120.0,-177041554088263.0,1.6003735460561037e+33,1600373546056103753680646506497391,198278
25835490,2026-08-25 23:26:23+00:00,92,120680.0,-49215203335283.0,1.6003735451597447e+33,1600373545159744795518388651305229,198278
25835490,2026-08-25 23:26:23+00:00,473,148702.0,-60643082905412.0,1.6003735440552494e+33,1600373544055249295570447530294475,198278
25835490,2026-08-25 23:26:23+00:00,477,633617.0,-258400319353503.97,1.6003735393489915e+33,1600373539348991364122468286439287,198278
25835490,2026-08-25 23:26:23+00:00,489,61137.0,-24932590926971.0,1.6003735374024377e+33,1600373537402437612060325908348895,198278
25835490,2026-08-25 23:26:23+00:00,570,-1674475.0,683564599820926.0,1.600373549846009e+33,1600373549846008935614529775618843,198278
25835490,2026-08-25 23:26:23+00:00,799,-828930.0,338391101165178.0,1.6003735643905956e+33,1600373564390595498125726414647818,198278
25836531,2026-08-26 02:55:11+00:00,146,149100000.0,-6.046262884241341e+16,1.595852417279581e+33,1595852417279581246567472739776327,198221
25836531,2026-08-26 02:55:11+00:00,490,162398.0,-65854827343720.01,1.5958524160794363e+33,1595852416079436358739846594448066,198221
25836531,2026-08-26 02:55:11+00:00,494,193310.0,-78390354214019.0,1.595852414650843e+33,1595852414650842789221911473044930,198221
25836531,2026-08-26 02:55:11+00:00,498,234895.0,-95253694910849.0,1.5958524129149302e+33,1595852412914930030734507679958070,198221
25838074,2026-08-26 08:04:47+00:00,501,-1239915.0,504224025362289.06,1.5973005049564566e+33,1597300504956456620028672095175863,198239
25839226,2026-08-26 11:55:59+00:00,270,-199554513.0,8.09816821238592e+16,1.595635914245204e+33,1595635914245204135800823966400406,198218
25840196,2026-08-26 15:10:23+00:00,602,632696.0,-258986984073229.0,1.6033555243963923e+33,1603355524396392214176730249095296,198315
25840196,2026-08-26 15:10:23+00:00,639,328761.0,-134574498268678.98,1.603355521961996e+33,1603355521961995823138001005792679,198315
25840196,2026-08-26 15:10:23+00:00,763,-825771.0,338359039460408.0,1.6033555411915726e+33,1603355541191572503098919713583567,198315
25841752,2026-08-26 20:23:23+00:00,867,184668.0,-74953878164659.0,1.596578215464376e+33,1596578215464376031467559194123471,198230
25841752,2026-08-26 20:23:23+00:00,1093,-1325975.0,538733548606704.0,1.5965782252859013e+33,1596578225285901226606132201246053,198230
25841752,2026-08-26 20:23:23+00:00,1121,-853905.0,346935013405525.0,1.5965782316107924e+33,1596578231610792230796514387692528,198230
25841752,2026-08-26 20:23:23+00:00,1170,315092.0,-127891237145560.02,1.5965782295311644e+33,1596578229531164401585752507161494,198230
25841752,2026-08-26 20:23:23+00:00,1246,505606.0,-205218300085941.0,1.596578225788006e+33,1596578225788006039708051097411278,198230
25841752,2026-08-26 20:23:23+00:00,1292,-516429.99999999994,209821541283110.0,1.5965782296132135e+33,1596578229613213434949200205463565,198230
25844785,2026-08-27 06:32:11+00:00,199,-1313365.0,528351731438960.0,1.5886923401880706e+33,1588692340188070515159282005704480,198131
25844785,2026-08-27 06:32:11+00:00,273,-680959.0,273942331148104.97,1.5886923493071756e+33,1588692349307175694832543367615866,198131
25846658,2026-08-27 12:48:11+00:00,24,34747811809.0,-1.3912793051333356e+19,1.5856115294673432e+33,1585611529467343211267671597388964,198092
25847493,2026-08-27 15:35:11+00:00,377,-29391055.0,1.16889597e+16,1.5796153735594248e+33,1579615373559424896387252257887971,198017
25847493,2026-08-27 15:35:11+00:00,874,232351.0,-92314372351163.0,1.579615340934817e+33,1579615340934816932226096014205740,198017
25848386,2026-08-27 18:34:23+00:00,576,-2491208906.0,1e+18,1.5869688161339882e+33,1586968816133988070910174384176487,198109
25849080,2026-08-27 20:53:23+00:00,456,468529.0,-187011844401083.0,1.5832694915001756e+33,1583269491500175646194322904055987,198063
25849080,2026-08-27 20:53:23+00:00,971,-509905.99999999994,203731496010658.0,1.5832694842828957e+33,1583269484282895794094099814705977,198063
25850230,2026-08-28 00:44:11+00:00,175,-7574951216.0,3.011231552598454e+18,1.5792852207874932e+33,1579285220787493344422215285013652,198012
25850230,2026-08-28 00:44:11+00:00,828,-514764.0,204638666156929.0,1.579285224460791e+33,1579285224460791203996635692610626,198012
25850230,2026-08-28 00:44:11+00:00,1243,784761.0,-311660556478956.0,1.5792852171006725e+33,1579285217100672424221131224015616,198012
25850230,2026-08-28 00:44:11+00:00,1271,-558546.0,222043777297688.0,1.579285221086395e+33,1579285221086394903735060093269643,198012
25850230,2026-08-28 00:44:11+00:00,1280,-717097.0,285073737664830.0,1.5792852262035155e+33,1579285226203515583079577672021998,198012
25850230,2026-08-28 00:44:11+00:00,1284,-3184050.0,1265782705558095.0,1.579285248924524e+33,1579285248924524228861566341361709,198012
25850230,2026-08-28 00:44:11+00:00,1376,189607.0,-75300646326195.0,1.579285245669706e+33,1579285245669705877098766300260772,198012
25853275,2026-08-28 10:54:59+00:00,12,-11101286248.0,4.4459999999999995e+18,1.5851853765238965e+33,1585185376523896408816805389280748,198087
25853275,2026-08-28 10:54:59+00:00,320,11188638298.0,-4.476339184015573e+18,1.5850756130074022e+33,1585075613007402264591694263923543,198086
25853275,2026-08-28 10:54:59+00:00,628,3972756593.0,-1.5893066143591127e+18,1.5850469056517004e+33,1585046905651700445278138645963413,198085
25855033,2026-08-28 16:48:47+00:00,2,-24674959007.0,1.010789742675828e+19,1.6032386677895698e+33,1603238667789569712204527607815980,198314
25855033,2026-08-28 16:48:47+00:00,510,368130.0,-150667677464596.0,1.603238662287482e+33,1603238662287481889652871642792890,198314
25855033,2026-08-28 16:48:47+00:00,561,434920.0,-178003615985791.0,1.6032386590351716e+33,1603238659035171509293278813804787,198314
25855033,2026-08-28 16:48:47+00:00,656,44895.0,-18374376558283.0,1.6032386586994527e+33,1603238658699452623571821683096400,198314
25855033,2026-08-28 16:48:47+00:00,821,-972786.0,398539987856010.0,1.60323866597755e+33,1603238665977550006302247407090112,198314
25855819,2026-08-28 19:26:23+00:00,694,249743.0,-102346162703397.0,1.6042698291466162e+33,1604269829146616287994639675087386,198326
25855819,2026-08-28 19:26:23+00:00,698,104384.0,-42776872996050.0,1.604269828372497e+33,1604269828372496804297582290668575,198326
25855819,2026-08-28 19:26:23+00:00,702,210207.0,-86143751907611.0,1.6042698268135807e+33,1604269826813580687249832238994392,198326
25855819,2026-08-28 19:26:23+00:00,710,55410.0,-22707237190796.0,1.6042698228271594e+33,1604269822827159562502349200424567,198326
25856864,2026-08-28 22:55:59+00:00,197,-14700397516.0,6.021441299195881e+18,1.6031381879799942e+33,1603138187979994309102418514765855,198312
25860089,2026-08-29 09:43:11+00:00,157,230402.0,-94488251635969.0,1.6048510174969455e+33,1604851017496945383340247995304953,198334
25860089,2026-08-29 09:43:11+00:00,178,613452.0,-251578466906044.0,1.6048510130785364e+33,1604851013078536309651479886800853,198334
25860089,2026-08-29 09:43:11+00:00,194,290251.0,-119032480297767.0,1.604851003142371e+33,1604851003142371060752885884381453,198334
25860089,2026-08-29 09:43:11+00:00,239,427205.0,-175197936651630.0,1.6048509966103002e+33,1604850996610300190722690293825148,198334
25860089,2026-08-29 09:43:11+00:00,259,266293.0,-109207237333172.0,1.604850994692321e+33,1604850994692321063655446485412728,198334
25860089,2026-08-29 09:43:11+00:00,328,227461.0,-93282352770213.0,1.6048509930540268e+33,1604850993054026662056786685729604,198334
25860089,2026-08-29 09:43:11+00:00,341,-534407.0,219381436690790.0,1.6048509969050408e+33,1604850996905040955621307622388673,198334
25860089,2026-08-29 09:43:11+00:00,876,2432471430.0,-9.975532079631677e+17,1.6048334752902642e+33,1604833475290264312441782679543797,198333
25869211,2026-08-30 16:13:59+00:00,30,-225033918.0,8.999587956863682e+16,1.5840121861171987e+33,1584012186117198710167659499339618,198072
25869211,2026-08-30 16:13:59+00:00,220,36267885105.0,-1.448752468717785e+19,1.5837615988814537e+33,1583761598881453642958372187781261,198069
25871927,2026-08-31 01:18:59+00:00,576,781.0,-322848538127.0,1.6118762434769486e+33,1611876243476948538063340053645903,198421
25871927,2026-08-31 01:18:59+00:00,584,1562.0,-646110984631.0,1.6118762434652378e+33,1611876243465237717603198045818395,198421
25873233,2026-08-31 05:40:59+00:00,1200,11660441903.0,-4.791888951067112e+18,1.6064690994410043e+33,1606469099441004215353073828034698,198354
25876895,2026-08-31 17:56:23+00:00,551,629893.0,-254402316668175.0,1.5926316505281466e+33,1592631650528146559193441884129134,198181
